[
  {
    "column": "A",
    "newValueList": [
      "20",
      "25"
    ],
    "oldValue": 22,
    "transactionList": [
      "T1",
      "T3"
    ],
    "updatedDb": true,
    "_raw": [
      {
        "type": "DO_TRANSACTION",
        "transaction": "T1",
        "column": "A",
        "value": "20"
      },
      {
        "type": "DO_TRANSACTION",
        "transaction": "T3",
        "column": "A",
        "value": "25"
      }
    ]
  },
  {
    "column": "B",
    "newValueList": [
      "15",
      "100"
    ],
    "oldValue": 20,
    "transactionList": [
      "T3",
      "T7"
    ],
    "updatedDb": true,
    "_raw": [
      {
        "type": "DO_TRANSACTION",
        "transaction": "T3",
        "column": "B",
        "value": "15"
      },
      {
        "type": "DO_TRANSACTION",
        "transaction": "T7",
        "column": "B",
        "value": "100"
      }
    ]
  },
  {
    "column": "C",
    "newValueList": [
      "55",
      "70",
      "90"
    ],
    "oldValue": 70,
    "transactionList": [
      "T2",
      "T1",
      "T4"
    ],
    "updatedDb": true,
    "_raw": [
      {
        "type": "DO_TRANSACTION",
        "transaction": "T2",
        "column": "C",
        "value": "55"
      },
      {
        "type": "DO_TRANSACTION",
        "transaction": "T1",
        "column": "C",
        "value": "70"
      },
      {
        "type": "DO_TRANSACTION",
        "transaction": "T4",
        "column": "C",
        "value": "90"
      }
    ]
  },
  {
    "column": "D",
    "newValueList": [
      "65",
      "40"
    ],
    "oldValue": 50,
    "transactionList": [
      "T5",
      "T5"
    ],
    "updatedDb": true,
    "_raw": [
      {
        "type": "DO_TRANSACTION",
        "transaction": "T5",
        "column": "D",
        "value": "65"
      },
      {
        "type": "DO_TRANSACTION",
        "transaction": "T5",
        "column": "D",
        "value": "40"
      }
    ]
  },
  {
    "column": "E",
    "newValueList": [
      "17",
      "28"
    ],
    "oldValue": 17,
    "transactionList": [
      "T2",
      "T3"
    ],
    "updatedDb": true,
    "_raw": [
      {
        "type": "DO_TRANSACTION",
        "transaction": "T2",
        "column": "E",
        "value": "17"
      },
      {
        "type": "DO_TRANSACTION",
        "transaction": "T3",
        "column": "E",
        "value": "28"
      }
    ]
  }
]